<?xml version="1.0" encoding="UTF-8"?>
<definitions xmlns="http://www.omg.org/spec/BPMN/20100524/MODEL" xmlns:bpmndi="http://www.omg.org/spec/BPMN/20100524/DI" xmlns:omgdc="http://www.omg.org/spec/DD/20100524/DC" xmlns:xsi="http://www.w3.org/2001/XMLSchema-instance" xmlns:di="http://www.omg.org/spec/DD/20100524/DI" targetNamespace="" xsi:schemaLocation="http://www.omg.org/spec/BPMN/20100524/MODEL http://www.omg.org/spec/BPMN/2.0/20100501/BPMN20.xsd">
  <collaboration id="Collaboration_1n4rzdn">
    <participant id="Participant_1hmd977" processRef="Process_12njqzu" />
  </collaboration>
  <process id="Process_12njqzu">
    <startEvent id="StartEvent_1kyz244">
      <outgoing>SequenceFlow_07bry6f</outgoing>
    </startEvent>
    <task id="Task_0hjagv5">
      <incoming>SequenceFlow_07bry6f</incoming>
      <outgoing>SequenceFlow_159gi6u</outgoing>
    </task>
    <sequenceFlow id="SequenceFlow_07bry6f" sourceRef="StartEvent_1kyz244" targetRef="Task_0hjagv5" />
    <exclusiveGateway id="ExclusiveGateway_0q8mjtt">
      <incoming>SequenceFlow_159gi6u</incoming>
    </exclusiveGateway>
    <sequenceFlow id="SequenceFlow_159gi6u" sourceRef="Task_0hjagv5" targetRef="ExclusiveGateway_0q8mjtt" />
  </process>
  <bpmndi:BPMNDiagram id="sid-74620812-92c4-44e5-949c-aa47393d3830">
    <bpmndi:BPMNPlane id="sid-cdcae759-2af7-4a6d-bd02-53f3352a731d" bpmnElement="Collaboration_1n4rzdn">
      <bpmndi:BPMNShape id="Participant_1hmd977_di" bpmnElement="Participant_1hmd977">
        <omgdc:Bounds x="100" y="66" width="600" height="250" />
      </bpmndi:BPMNShape>
      <bpmndi:BPMNShape id="StartEvent_1kyz244_di" bpmnElement="StartEvent_1kyz244">
        <omgdc:Bounds x="141" y="169" width="36" height="36" />
        <bpmndi:BPMNLabel>
          <omgdc:Bounds x="159" y="208" width="0" height="13" />
        </bpmndi:BPMNLabel>
      </bpmndi:BPMNShape>
      <bpmndi:BPMNShape id="Task_0hjagv5_di" bpmnElement="Task_0hjagv5">
        <omgdc:Bounds x="189" y="147" width="100" height="80" />
      </bpmndi:BPMNShape>
      <bpmndi:BPMNEdge id="SequenceFlow_07bry6f_di" bpmnElement="SequenceFlow_07bry6f">
        <di:waypoint xsi:type="omgdc:Point" x="177" y="187" />
        <di:waypoint xsi:type="omgdc:Point" x="189" y="187" />
        <bpmndi:BPMNLabel>
          <omgdc:Bounds x="183" y="166" width="0" height="12" />
        </bpmndi:BPMNLabel>
      </bpmndi:BPMNEdge>
      <bpmndi:BPMNShape id="ExclusiveGateway_0q8mjtt_di" bpmnElement="ExclusiveGateway_0q8mjtt" isMarkerVisible="true">
        <omgdc:Bounds x="332" y="162" width="50" height="50" />
        <bpmndi:BPMNLabel>
          <omgdc:Bounds x="357" y="216" width="0" height="12" />
        </bpmndi:BPMNLabel>
      </bpmndi:BPMNShape>
      <bpmndi:BPMNEdge id="SequenceFlow_159gi6u_di" bpmnElement="SequenceFlow_159gi6u">
        <di:waypoint xsi:type="omgdc:Point" x="289" y="187" />
        <di:waypoint xsi:type="omgdc:Point" x="332" y="187" />
        <bpmndi:BPMNLabel>
          <omgdc:Bounds x="310.5" y="166" width="0" height="12" />
        </bpmndi:BPMNLabel>
      </bpmndi:BPMNEdge>
    </bpmndi:BPMNPlane>
    <bpmndi:BPMNLabelStyle id="sid-e0502d32-f8d1-41cf-9c4a-cbb49fecf581">
      <omgdc:Font name="Arial" size="11" isBold="false" isItalic="false" isUnderline="false" isStrikeThrough="false" />
    </bpmndi:BPMNLabelStyle>
    <bpmndi:BPMNLabelStyle id="sid-84cb49fd-2f7c-44fb-8950-83c3fa153d3b">
      <omgdc:Font name="Arial" size="12" isBold="false" isItalic="false" isUnderline="false" isStrikeThrough="false" />
    </bpmndi:BPMNLabelStyle>
  </bpmndi:BPMNDiagram>
</definitions>
