<?xml version="1.0" encoding="UTF-8"?>
<definitions xmlns="http://www.omg.org/spec/BPMN/20100524/MODEL" xmlns:bpmndi="http://www.omg.org/spec/BPMN/20100524/DI" xmlns:omgdc="http://www.omg.org/spec/DD/20100524/DC" xmlns:xsi="http://www.w3.org/2001/XMLSchema-instance" xmlns:di="http://www.omg.org/spec/DD/20100524/DI" targetNamespace="" xsi:schemaLocation="http://www.omg.org/spec/BPMN/20100524/MODEL http://www.omg.org/spec/BPMN/2.0/20100501/BPMN20.xsd">
  <collaboration id="Collaboration_1n4rzdn">
    <participant id="Participant_1hmd977" name="Comune XYZ" processRef="Process_12njqzu" />
  </collaboration>
  <process id="Process_12njqzu">
    <startEvent id="StartEvent_1kyz244" name="input fornito dall'Amministrazione">
      <outgoing>SequenceFlow_00hs6pl</outgoing>
    </startEvent>
    <exclusiveGateway id="ExclusiveGateway_0bjm16h" name="i servizi convergono direttamente nello sportello?">
      <incoming>SequenceFlow_1e1scmy</incoming>
      <outgoing>SequenceFlow_0vv3b0e</outgoing>
      <outgoing>SequenceFlow_0ody06e</outgoing>
    </exclusiveGateway>
    <exclusiveGateway id="ExclusiveGateway_0mqswnp" name="convergono parzialmente">
      <incoming>SequenceFlow_0vv3b0e</incoming>
      <outgoing>SequenceFlow_1u0xlys</outgoing>
      <outgoing>SequenceFlow_061rjk0</outgoing>
    </exclusiveGateway>
    <subProcess id="Task_05t9tun" name="individuazione e classificazione servizi">
      <incoming>SequenceFlow_00hs6pl</incoming>
      <outgoing>SequenceFlow_1e1scmy</outgoing>
    </subProcess>
    <subProcess id="Task_00ubahl">
      <incoming>SequenceFlow_1u0xlys</incoming>
    </subProcess>
    <subProcess id="Task_03hhvdf" name="dimensionare ed eventualmente reingegnizzare i servizi">
      <incoming>SequenceFlow_0ody06e</incoming>
      <incoming>SequenceFlow_061rjk0</incoming>
      <outgoing>SequenceFlow_0ybo0gv</outgoing>
      <outgoing>SequenceFlow_0nfzcij</outgoing>
    </subProcess>
    <subProcess id="Task_0el5xoh" name="proigettazione e quantificazione personale
">
      <incoming>SequenceFlow_0ybo0gv</incoming>
    </subProcess>
    <subProcess id="Task_09ngztf" name="progettazione e implementazione
">
      <incoming>SequenceFlow_0nfzcij</incoming>
    </subProcess>
    <sequenceFlow id="SequenceFlow_00hs6pl" sourceRef="StartEvent_1kyz244" targetRef="Task_05t9tun" />
    <sequenceFlow id="SequenceFlow_1e1scmy" sourceRef="Task_05t9tun" targetRef="ExclusiveGateway_0bjm16h" />
    <sequenceFlow id="SequenceFlow_0vv3b0e" name="NO" sourceRef="ExclusiveGateway_0bjm16h" targetRef="ExclusiveGateway_0mqswnp" />
    <sequenceFlow id="SequenceFlow_0ody06e" name="SI" sourceRef="ExclusiveGateway_0bjm16h" targetRef="Task_03hhvdf" />
    <sequenceFlow id="SequenceFlow_1u0xlys" name="NO" sourceRef="ExclusiveGateway_0mqswnp" targetRef="Task_00ubahl" />
    <sequenceFlow id="SequenceFlow_061rjk0" name="SI" sourceRef="ExclusiveGateway_0mqswnp" targetRef="Task_03hhvdf" />
    <sequenceFlow id="SequenceFlow_0nfzcij" sourceRef="Task_03hhvdf" targetRef="Task_09ngztf" />
    <sequenceFlow id="SequenceFlow_0ybo0gv" sourceRef="Task_03hhvdf" targetRef="Task_0el5xoh" />
    <textAnnotation id="TextAnnotation_1o33756">
      <text>servizi coinvolti che dovranno confluire nello sportello unico</text>
    </textAnnotation>
    <textAnnotation id="TextAnnotation_1v1wwnm">
      <text>progettazione e implementazione ICT formazione su un SW di simulazione (CED)</text>
    </textAnnotation>
    <textAnnotation id="TextAnnotation_0azkgso">
      <text>dimensionamento e progettazione dello spazio quantificazione del personale coinvolto</text>
    </textAnnotation>
    <association id="Association_0w4pl8q" sourceRef="Task_05t9tun" targetRef="TextAnnotation_1o33756" />
    <association id="Association_0anuo4v" sourceRef="Task_09ngztf" targetRef="TextAnnotation_1v1wwnm" />
    <association id="Association_0eitsf8" sourceRef="Task_0el5xoh" targetRef="TextAnnotation_0azkgso" />
  </process>
  <bpmndi:BPMNDiagram id="sid-74620812-92c4-44e5-949c-aa47393d3830">
    <bpmndi:BPMNPlane id="sid-cdcae759-2af7-4a6d-bd02-53f3352a731d" bpmnElement="Collaboration_1n4rzdn">
      <bpmndi:BPMNShape id="Participant_1hmd977_di" bpmnElement="Participant_1hmd977">
        <omgdc:Bounds x="731" y="-255" width="1082" height="584" />
      </bpmndi:BPMNShape>
      <bpmndi:BPMNShape id="StartEvent_1kyz244_di" bpmnElement="StartEvent_1kyz244">
        <omgdc:Bounds x="772" y="-58" width="36" height="36" />
        <bpmndi:BPMNLabel>
          <omgdc:Bounds x="749" y="-19" width="82" height="39" />
        </bpmndi:BPMNLabel>
      </bpmndi:BPMNShape>
      <bpmndi:BPMNEdge id="SequenceFlow_00hs6pl_di" bpmnElement="SequenceFlow_00hs6pl">
        <di:waypoint xsi:type="omgdc:Point" x="808" y="-40" />
        <di:waypoint xsi:type="omgdc:Point" x="863" y="-40" />
        <bpmndi:BPMNLabel>
          <omgdc:Bounds x="791" y="-61" width="90" height="13" />
        </bpmndi:BPMNLabel>
      </bpmndi:BPMNEdge>
      <bpmndi:BPMNShape id="TextAnnotation_1o33756_di" bpmnElement="TextAnnotation_1o33756">
        <omgdc:Bounds x="831" y="-186" width="163" height="58" />
      </bpmndi:BPMNShape>
      <bpmndi:BPMNEdge id="Association_0w4pl8q_di" bpmnElement="Association_0w4pl8q">
        <di:waypoint xsi:type="omgdc:Point" x="913" y="-80" />
        <di:waypoint xsi:type="omgdc:Point" x="913" y="-128" />
      </bpmndi:BPMNEdge>
      <bpmndi:BPMNShape id="SubProcess_0j859lf_di" bpmnElement="Task_05t9tun">
        <omgdc:Bounds x="863" y="-80" width="100" height="80" />
      </bpmndi:BPMNShape>
      <bpmndi:BPMNShape id="ExclusiveGateway_0bjm16h_di" bpmnElement="ExclusiveGateway_0bjm16h" isMarkerVisible="true">
        <omgdc:Bounds x="1018" y="-65" width="50" height="50" />
        <bpmndi:BPMNLabel>
          <omgdc:Bounds x="1062" y="-108" width="87" height="52" />
        </bpmndi:BPMNLabel>
      </bpmndi:BPMNShape>
      <bpmndi:BPMNEdge id="SequenceFlow_1e1scmy_di" bpmnElement="SequenceFlow_1e1scmy">
        <di:waypoint xsi:type="omgdc:Point" x="963" y="-40" />
        <di:waypoint xsi:type="omgdc:Point" x="1018" y="-40" />
        <bpmndi:BPMNLabel>
          <omgdc:Bounds x="946" y="-62" width="90" height="13" />
        </bpmndi:BPMNLabel>
      </bpmndi:BPMNEdge>
      <bpmndi:BPMNShape id="ExclusiveGateway_0mqswnp_di" bpmnElement="ExclusiveGateway_0mqswnp" isMarkerVisible="true">
        <omgdc:Bounds x="1018" y="41" width="50" height="50" />
        <bpmndi:BPMNLabel>
          <omgdc:Bounds x="943" y="34" width="64" height="26" />
        </bpmndi:BPMNLabel>
      </bpmndi:BPMNShape>
      <bpmndi:BPMNEdge id="SequenceFlow_0vv3b0e_di" bpmnElement="SequenceFlow_0vv3b0e">
        <di:waypoint xsi:type="omgdc:Point" x="1043" y="-15" />
        <di:waypoint xsi:type="omgdc:Point" x="1043" y="41" />
        <bpmndi:BPMNLabel>
          <omgdc:Bounds x="1046" y="-3" width="18" height="13" />
        </bpmndi:BPMNLabel>
      </bpmndi:BPMNEdge>
      <bpmndi:BPMNEdge id="SequenceFlow_1u0xlys_di" bpmnElement="SequenceFlow_1u0xlys">
        <di:waypoint xsi:type="omgdc:Point" x="1043" y="91" />
        <di:waypoint xsi:type="omgdc:Point" x="1043" y="120" />
        <bpmndi:BPMNLabel>
          <omgdc:Bounds x="1047" y="93.24264705882354" width="18" height="13" />
        </bpmndi:BPMNLabel>
      </bpmndi:BPMNEdge>
      <bpmndi:BPMNShape id="SubProcess_04z3f7b_di" bpmnElement="Task_00ubahl">
        <omgdc:Bounds x="993" y="120" width="100" height="80" />
      </bpmndi:BPMNShape>
      <bpmndi:BPMNEdge id="SequenceFlow_0ody06e_di" bpmnElement="SequenceFlow_0ody06e">
        <di:waypoint xsi:type="omgdc:Point" x="1068" y="-40" />
        <di:waypoint xsi:type="omgdc:Point" x="1186" y="-40" />
        <bpmndi:BPMNLabel>
          <omgdc:Bounds x="1108.1272727272728" y="-36" width="12" height="13" />
        </bpmndi:BPMNLabel>
      </bpmndi:BPMNEdge>
      <bpmndi:BPMNShape id="SubProcess_0s6nqbv_di" bpmnElement="Task_03hhvdf">
        <omgdc:Bounds x="1186" y="-80" width="100" height="80" />
      </bpmndi:BPMNShape>
      <bpmndi:BPMNEdge id="SequenceFlow_061rjk0_di" bpmnElement="SequenceFlow_061rjk0">
        <di:waypoint xsi:type="omgdc:Point" x="1068" y="66" />
        <di:waypoint xsi:type="omgdc:Point" x="1236" y="66" />
        <di:waypoint xsi:type="omgdc:Point" x="1236" y="0" />
        <bpmndi:BPMNLabel>
          <omgdc:Bounds x="1107.6296296296296" y="44" width="12" height="13" />
        </bpmndi:BPMNLabel>
      </bpmndi:BPMNEdge>
      <bpmndi:BPMNEdge id="SequenceFlow_0ybo0gv_di" bpmnElement="SequenceFlow_0ybo0gv">
        <di:waypoint xsi:type="omgdc:Point" x="1286" y="-40" />
        <di:waypoint xsi:type="omgdc:Point" x="1500" y="-40" />
        <bpmndi:BPMNLabel>
          <omgdc:Bounds x="1393" y="-61.5" width="0" height="13" />
        </bpmndi:BPMNLabel>
      </bpmndi:BPMNEdge>
      <bpmndi:BPMNShape id="SubProcess_1dyudi8_di" bpmnElement="Task_0el5xoh" isExpanded="false">
        <omgdc:Bounds x="1500" y="-80" width="100" height="80" />
      </bpmndi:BPMNShape>
      <bpmndi:BPMNEdge id="SequenceFlow_0nfzcij_di" bpmnElement="SequenceFlow_0nfzcij">
        <di:waypoint xsi:type="omgdc:Point" x="1286" y="-40" />
        <di:waypoint xsi:type="omgdc:Point" x="1338" y="-40" />
        <di:waypoint xsi:type="omgdc:Point" x="1338" y="91" />
        <di:waypoint xsi:type="omgdc:Point" x="1501" y="91" />
        <bpmndi:BPMNLabel>
          <omgdc:Bounds x="1353" y="19" width="0" height="13" />
        </bpmndi:BPMNLabel>
      </bpmndi:BPMNEdge>
      <bpmndi:BPMNShape id="TextAnnotation_0azkgso_di" bpmnElement="TextAnnotation_0azkgso">
        <omgdc:Bounds x="1484" y="-204" width="131" height="93" />
      </bpmndi:BPMNShape>
      <bpmndi:BPMNEdge id="Association_0eitsf8_di" bpmnElement="Association_0eitsf8">
        <di:waypoint xsi:type="omgdc:Point" x="1550" y="-80" />
        <di:waypoint xsi:type="omgdc:Point" x="1550" y="-111" />
      </bpmndi:BPMNEdge>
      <bpmndi:BPMNShape id="TextAnnotation_1v1wwnm_di" bpmnElement="TextAnnotation_1v1wwnm">
        <omgdc:Bounds x="1500" y="163.573" width="100" height="98" />
      </bpmndi:BPMNShape>
      <bpmndi:BPMNEdge id="Association_0anuo4v_di" bpmnElement="Association_0anuo4v">
        <di:waypoint xsi:type="omgdc:Point" x="1550" y="131" />
        <di:waypoint xsi:type="omgdc:Point" x="1550" y="164" />
      </bpmndi:BPMNEdge>
      <bpmndi:BPMNShape id="SubProcess_1rsbmzn_di" bpmnElement="Task_09ngztf">
        <omgdc:Bounds x="1501" y="51" width="100" height="80" />
      </bpmndi:BPMNShape>
    </bpmndi:BPMNPlane>
    <bpmndi:BPMNLabelStyle id="sid-e0502d32-f8d1-41cf-9c4a-cbb49fecf581">
      <omgdc:Font name="Arial" size="11" isBold="false" isItalic="false" isUnderline="false" isStrikeThrough="false" />
    </bpmndi:BPMNLabelStyle>
    <bpmndi:BPMNLabelStyle id="sid-84cb49fd-2f7c-44fb-8950-83c3fa153d3b">
      <omgdc:Font name="Arial" size="12" isBold="false" isItalic="false" isUnderline="false" isStrikeThrough="false" />
    </bpmndi:BPMNLabelStyle>
  </bpmndi:BPMNDiagram>
</definitions>
